{
  "lang":"fr",
  "name":"pipeline",
  "version":"0.0.0",
  "spacy_version":">=3.1.2,<3.2.0",
  "description":"",
  "author":"",
  "email":"",
  "url":"",
  "license":"",
  "spacy_git_version":"e1f88de72",
  "vectors":{
    "width":0,
    "vectors":0,
    "keys":0,
    "name":null
  },
  "labels":{
    "transformer":[

    ],
    "textcat":[
      "ingredient",
      "instruction ",
      "title",
      "other"
    ]
  },
  "pipeline":[
    "transformer",
    "textcat"
  ],
  "components":[
    "transformer",
    "textcat"
  ],
  "disabled":[

  ],
  "performance":{
    "cats_score":0.9847976952,
    "cats_score_desc":"macro F",
    "cats_micro_p":0.9907548608,
    "cats_micro_r":0.9904716532,
    "cats_micro_f":0.9906132368,
    "cats_macro_p":0.9846019428,
    "cats_macro_r":0.9849999788,
    "cats_macro_f":0.9847976952,
    "cats_macro_auc":0.9992843059,
    "cats_f_per_type":{
      "ingredient":{
        "p":0.9927774962,
        "r":0.9940370464,
        "f":0.9934068721
      },
      "instruction ":{
        "p":0.9953971312,
        "r":0.9926345004,
        "f":0.9940138963
      },
      "title":{
        "p":0.9758522727,
        "r":0.9730878187,
        "f":0.9744680851
      },
      "other":{
        "p":0.9743808711,
        "r":0.9802405498,
        "f":0.9773019272
      }
    },
    "cats_macro_auc_per_type":0.0,
    "transformer_loss":0.0872201547,
    "textcat_loss":0.005259221
  }
}